datetime_ny,event_type
2025-07-03 08:30,NFP
2025-07-15 08:30,CPI
2025-07-30 14:00,FOMC
2025-08-01 08:30,NFP
2025-08-12 08:30,CPI
2025-08-20 14:00,FOMC
2025-09-05 08:30,NFP
2025-09-10 08:30,CPI
2025-09-17 14:00,FOMC
2025-10-03 08:30,NFP
2025-10-15 08:30,CPI
2025-10-29 14:00,FOMC
2025-11-07 08:30,NFP
2025-11-13 08:30,CPI
2025-11-05 14:00,FOMC
2025-12-05 08:30,NFP
2025-12-10 08:30,CPI
2025-12-17 14:00,FOMC
2026-01-09 08:30,NFP
2026-01-14 08:30,CPI
2026-01-28 14:00,FOMC
2026-02-06 08:30,NFP
2026-02-11 08:30,CPI
2026-02-18 14:00,FOMC
2026-03-06 08:30,NFP
2026-03-11 08:30,CPI
2026-03-18 14:00,FOMC
2026-04-03 08:30,NFP
2026-04-14 08:30,CPI
2026-04-29 14:00,FOMC
2026-05-01 08:30,NFP
2026-05-12 08:30,CPI
2026-05-06 14:00,FOMC
2026-06-05 08:30,NFP
2026-06-10 08:30,CPI
2026-06-17 14:00,FOMC
2026-07-03 08:30,NFP
2026-07-14 08:30,CPI
2026-07-29 14:00,FOMC
2026-08-07 08:30,NFP
2026-08-12 08:30,CPI
2026-08-19 14:00,FOMC
2026-09-04 08:30,NFP
2026-09-09 08:30,CPI
2026-09-16 14:00,FOMC
